<annotation>
	<folder>210503</folder>
	<filename>P1010014.jpg</filename>
	<path>C:\Users\hari.prakash\Documents\DL\Next Set\210503\P1010014.jpg</path>
	<source>
		<database>Unknown</database>
	</source>
	<size>
		<width>640</width>
		<height>480</height>
		<depth>3</depth>
	</size>
	<segmented>0</segmented>
	<object>
		<name>Plate</name>
		<pose>Unspecified</pose>
		<truncated>0</truncated>
		<difficult>0</difficult>
		<bndbox>
			<xmin>280</xmin>
			<ymin>211</ymin>
			<xmax>426</xmax>
			<ymax>318</ymax>
		</bndbox>
	</object>
</annotation>
