<annotation>
	<folder>210503</folder>
	<filename>P1010027.jpg</filename>
	<path>C:\Users\hari.prakash\Documents\DL\Next Set\210503\P1010027.jpg</path>
	<source>
		<database>Unknown</database>
	</source>
	<size>
		<width>640</width>
		<height>480</height>
		<depth>3</depth>
	</size>
	<segmented>0</segmented>
	<object>
		<name>Plate</name>
		<pose>Unspecified</pose>
		<truncated>0</truncated>
		<difficult>0</difficult>
		<bndbox>
			<xmin>204</xmin>
			<ymin>334</ymin>
			<xmax>443</xmax>
			<ymax>388</ymax>
		</bndbox>
	</object>
</annotation>
