<annotation>
	<folder>280503</folder>
	<filename>P5280108.jpg</filename>
	<path>C:\Users\hari.prakash\Documents\DL\Next Set\280503\P5280108.jpg</path>
	<source>
		<database>Unknown</database>
	</source>
	<size>
		<width>640</width>
		<height>480</height>
		<depth>3</depth>
	</size>
	<segmented>0</segmented>
	<object>
		<name>Plate</name>
		<pose>Unspecified</pose>
		<truncated>0</truncated>
		<difficult>0</difficult>
		<bndbox>
			<xmin>222</xmin>
			<ymin>319</ymin>
			<xmax>433</xmax>
			<ymax>364</ymax>
		</bndbox>
	</object>
</annotation>
