<annotation>
	<folder>040603</folder>
	<filename>P6040027.jpg</filename>
	<path>C:\Users\vivek.soundarapandia\Desktop\Vehicle License Plate Deduction\Next Set\040603\P6040027.jpg</path>
	<source>
		<database>Unknown</database>
	</source>
	<size>
		<width>640</width>
		<height>480</height>
		<depth>3</depth>
	</size>
	<segmented>0</segmented>
	<object>
		<name>Plate</name>
		<pose>Unspecified</pose>
		<truncated>0</truncated>
		<difficult>0</difficult>
		<bndbox>
			<xmin>184</xmin>
			<ymin>337</ymin>
			<xmax>407</xmax>
			<ymax>374</ymax>
		</bndbox>
	</object>
</annotation>
