<annotation>
	<folder>070603</folder>
	<filename>P6070070.jpg</filename>
	<path>C:\Users\vivek.soundarapandia\Desktop\Vehicle License Plate Deduction\Next Set\070603\P6070070.jpg</path>
	<source>
		<database>Unknown</database>
	</source>
	<size>
		<width>640</width>
		<height>480</height>
		<depth>3</depth>
	</size>
	<segmented>0</segmented>
	<object>
		<name>Plate</name>
		<pose>Unspecified</pose>
		<truncated>0</truncated>
		<difficult>0</difficult>
		<bndbox>
			<xmin>195</xmin>
			<ymin>266</ymin>
			<xmax>458</xmax>
			<ymax>317</ymax>
		</bndbox>
	</object>
</annotation>
