<annotation>
	<folder>001</folder>
	<filename>P9170051.jpg</filename>
	<path>C:\Users\prashanth.ramesh\Documents\BBox-Label-Tool-master\Images\001\P9170051.jpg</path>
	<source>
		<database>Unknown</database>
	</source>
	<size>
		<width>640</width>
		<height>480</height>
		<depth>3</depth>
	</size>
	<segmented>0</segmented>
	<object>
		<name>Plate</name>
		<pose>Unspecified</pose>
		<truncated>0</truncated>
		<difficult>0</difficult>
		<bndbox>
			<xmin>213</xmin>
			<ymin>218</ymin>
			<xmax>410</xmax>
			<ymax>291</ymax>
		</bndbox>
	</object>
</annotation>
