<annotation>
	<folder>001</folder>
	<filename>P9170019.jpg</filename>
	<path>C:\Users\prashanth.ramesh\Documents\BBox-Label-Tool-master\Images\001\P9170019.jpg</path>
	<source>
		<database>Unknown</database>
	</source>
	<size>
		<width>1024</width>
		<height>768</height>
		<depth>3</depth>
	</size>
	<segmented>0</segmented>
	<object>
		<name>Plate</name>
		<pose>Unspecified</pose>
		<truncated>0</truncated>
		<difficult>0</difficult>
		<bndbox>
			<xmin>301</xmin>
			<ymin>327</ymin>
			<xmax>710</xmax>
			<ymax>470</ymax>
		</bndbox>
	</object>
</annotation>
