<annotation>
	<folder>001</folder>
	<filename>Pa140043.jpg</filename>
	<path>C:\Users\prashanth.ramesh\Documents\BBox-Label-Tool-master\Images\001\Pa140043.jpg</path>
	<source>
		<database>Unknown</database>
	</source>
	<size>
		<width>640</width>
		<height>480</height>
		<depth>3</depth>
	</size>
	<segmented>0</segmented>
	<object>
		<name>Plate</name>
		<pose>Unspecified</pose>
		<truncated>0</truncated>
		<difficult>0</difficult>
		<bndbox>
			<xmin>180</xmin>
			<ymin>239</ymin>
			<xmax>437</xmax>
			<ymax>331</ymax>
		</bndbox>
	</object>
</annotation>
